Name,Release Date,Record Date,Type,Duration,ingo,l33tname,madmas,makefu,pfleidi,marc
"Binärgewitter Talk #372: Sondersendung",2025-12-30,2025-12-29,Talk,01:42:25,1,1,1,1,0,0
"Binärgewitter Talk #371: Bei Stromausfall zerfallen Atome nicht",2025-12-23,2025-12-22,Talk,02:46:50,1,0,1,1,0,0
"Binärgewitter Talk #370: Ein Skibidi Rizz",2025-11-16,2025-11-14,Talk,02:54:23,1,1,1,1,0,0
"Binärgewitter Talk #369: Netzgeld",2025-10-31,2025-10-30,Talk,01:03:31,1,0,1,0,0,0
"Binärgewitter Talk #368: Raspi in Öl",2025-10-19,2025-10-17,Talk,03:48:20,0,0,1,1,0,0
"Binärgewitter Talk #367: Da bist du nicht dabei",2025-09-30,2025-09-29,Talk,02:35:53,1,0,1,1,0,0
"Binärgewitter Talk #366: 3 Stunden Spaß im Wald",2025-09-06,2025-09-04,Talk,02:39:41,0,1,0,1,0,0
"Binärgewitter Talk #365: Daten im Boden lassen",2025-08-17,2025-08-16,Talk,01:37:09,1,0,1,0,0,0
"Binärgewitter Talk #364: Seilbahn statt Stau",2025-08-08,2025-08-07,Talk,01:41:28,0,1,1,0,0,0
"Binärgewitter Talk #363: Drop-Shipping für Domains",2025-07-26,2025-07-25,Talk,02:33:55,1,1,0,1,0,0
"Binärgewitter Talk #362: Neudeutsche Bahn",2025-07-09,2025-07-07,Talk,02:59:56,0,1,1,1,0,0
"Binärgewitter Talk #361: Password Sailfish OS",2025-06-28,2025-06-26,Talk,02:36:07,1,1,1,1,0,0
"Binärgewitter Talk #360: Über sieben Adern musst du gehn",2025-06-02,2025-06-01,Talk,02:57:36,1,0,0,1,0,0
"Binärgewitter Talk #359: Linux subsystem for linux",2025-05-20,2025-05-19,Talk,02:05:25,0,1,1,1,0,0
"Binärgewitter Talk #358: Schönes Tablet habt ihr dort. Wäre doch schade, wenn ihm ein Home-Assistant Dashboard zustoßen würde",2025-05-02,2025-05-01,Talk,02:12:40,1,1,1,1,0,0
"Binärgewitter Talk #357: HäschenAI",2025-04-17,2025-04-15,Talk,02:26:48,1,1,1,1,0,0
"Binärgewitter Talk #356: ... wenn du ein Ceph Cluster betreibst",2025-03-25,2025-03-24,Talk,02:23:42,1,1,1,1,0,0
"Binärgewitter Talk #355: Geologische Unabhängigkeit",2025-03-13,2025-03-12,Talk,02:41:57,0,1,1,1,0,0
"Binärgewitter Talk #354: Gyrotwister Power Bank",2025-03-01,2025-02-28,Talk,02:56:32,1,1,1,1,0,0
"Binärgewitter Talk #353: RegierungsGPT",2025-02-12,2025-02-12,Talk,02:18:23,1,1,0,1,0,0
"Binärgewitter Talk #352: 36. Januar",2025-01-27,2025-01-26,Talk,02:26:39,1,1,1,1,0,0
"Binärgewitter Talk #351: Kellerio Abschalten",2025-01-10,2025-01-09,Talk,01:45:22,1,1,0,1,0,0
